INSERT INTO StudentStatuses (StatusID, StatusName) VALUES 
    (1, 'Incoming'),
    (2, 'Freshman'),
    (3, 'Sophomore'),
    (4, 'Junior'),
    (5, 'Senior'),
    (6, 'Alumni');

INSERT INTO Professors (ProfessorID, ProfessorName) VALUES
    (1, 'Abbott, Amy E.'),
    (2, 'Adams, Ann-Marie'),
    (3, 'Alvarez, Beda E.'),
    (4, 'Amsden, Juli'),
    (5, 'Angell, Eliot J.'),
    (6, 'Aranda, Blanca'),
    (7, 'Barnes, Emma M.'),
    (8, 'Barnes, Mollie E.'),
    (9, 'Barth, Sean M.'),
    (10, 'Beachkofsky, Sarah L.'),
    (11, 'Beall, Christina'),
    (12, 'Becker, Shawn K.'),
    (13, 'Berrios, Kayla C.'),
    (14, 'Bessent, Laura M.'),
    (15, 'Bond, Christopher'),
    (16, 'Boniecki, Kelli'),
    (17, 'Borgianini, Stephen A.'),
    (18, 'Bowen, John R.'),
    (19, 'Boyle, William P.'),
    (20, 'Brandt, Kenneth C.'),
    (21, 'Brockington, Djuanna M.'),
    (22, 'Brooks, Gary T.'),
    (23, 'Brugler, Mercer R.'),
    (24, 'Burcin, Laura B.'),
    (25, 'Caldwell, Jill E.'),
    (26, 'Canada, Brian A.'),
    (27, 'Capello, Rebecca K.'),
    (28, 'Carey, Brian E.'),
    (29, 'Catma, Serkan'),
    (30, 'Cavanagh, Kimberly K.'),
    (31, 'Cherry, David L.'),
    (32, 'Ciresi, Lisa V.'),
    (33, 'Cohan, Deborah J.'),
    (34, 'Comitz, Paul H.'),
    (35, 'Antonio, Edward L.'),
    (36, 'Daugherty, Crystal'),
    (37, 'Dawson, Audrey R.'),
    (38, 'Dopf, Kevin C.'),
    (39, 'Draud, Travis E.'),
    (40, 'Dudas, Kimberly'),
    (41, 'Duffy, James A.'),
    (42, 'Edmunds, Morgan P.'),
    (43, 'Erdei, Ronald'),
    (44, 'Evans, Zachary C.'),
    (45, 'Farrell, Carmen B.'),
    (46, 'Farris, Amiri'),
    (47, 'Ferrick, Cathleen P.'),
    (48, 'Foss, Michael E.'),
    (49, 'Fusi, Davide'),
    (50, 'Gibson, Ian B.'),
    (51, 'Gibson, Suzanne L.'),
    (52, 'Gill, Diana'),
    (53, 'Glassman, Tavis J.'),
    (54, 'Golabek, Sue C.'),
    (55, 'Griesse, James M.'),
    (56, 'Guittar, Nicholas A.'),
    (57, 'Haering, Samantha J.'),
    (58, 'Hallisy, Beth H.'),
    (59, 'Hammond, Elizabeth'),
    (60, 'Hampson, Courtney E.'),
    (61, 'Hardin, Jon-Michael'),
    (62, 'Harris, Robert W.'),
    (63, 'Heiens, Richard A.'),
    (64, 'Henz, Thomas'),
    (65, 'Higgins, Luke B.'),
    (66, 'Hoffer, Lauren N.'),
    (67, 'Hogenboom, Timothy J.'),
    (68, 'Hollis, Meldon'),
    (69, 'Holmes, Gloria G.'),
    (70, 'Holt, Jan R.'),
    (71, 'Hoy, Kathryn I.'),
    (72, 'Huemme, Robert C.'),
    (73, 'Huggins, Amy'),
    (74, 'Hull, Sarah D.'),
    (75, 'Hunnicutt, Melodie A.'),
    (76, 'Hutchison, Lynne M.'),
    (77, 'Ingram, Carole T.'),
    (78, 'James, Timothy M.'),
    (79, 'Johnson, Elizabeth L.'),
    (80, 'Jones Williams, Morgin'),
    (81, 'Jones, Amalia C.'),
    (82, 'Jones, Jeffrey'),
    (83, 'Kiernan, Katrina'),
    (84, 'Kilgore, Robert E.'),
    (85, 'Knapp, Sandra K.'),
    (86, 'Knop, Brian'),
    (87, 'Krebs, Salome L.'),
    (88, 'Kuehn, Joanne'),
    (89, 'Kunkle, Amy C.'),
    (90, 'Lahar, Cindy J.'),
    (91, 'Landrum, Robert H.'),
    (92, 'Lawson, Alayne F.'),
    (93, 'Layton, Shawn'),
    (94, 'Leadem, John J.'),
    (95, 'Leaphart, Amy E.'),
    (96, 'Leblanc, Jeffrey D.'),
    (97, 'Lefavi, Robert G.'),
    (98, 'Lejeune, Danelle'),
    (99, 'Lewis, Thomas E.'),
    (100, 'Liang, Xuwei'),
    (101, 'Logue, Lindsey N.'),
    (102, 'Lovell, Laurie L.'),
    (103, 'Madden, Kathryn R.'),
    (104, 'Malphrus, P. Ellen'),
    (105, 'Manor, Jalen M.'),
    (106, 'Marlowe, Bruce A.'),
    (107, 'Maxwell, Mary K.'),
    (108, 'McClure, Ellen C.'),
    (109, 'McCombs, Kelly L.'),
    (110, 'McCoy, Erin'),
    (111, 'McQuillen, Jeffrey P.'),
    (112, 'Meriwether, Anna T.'),
    (113, 'Messick, Kyle J.'),
    (114, 'Mitra, Aditi'),
    (115, 'Montie, Eric W.'),
    (116, 'Morgan, Daniel'),
    (117, 'Morris, Olivia S.'),
    (118, 'Mundey, Peter J.'),
    (119, 'Nadeau, Angela L.'),
    (120, 'Nelson, Benjamin J.'),
    (121, 'Connor, Teagan A.'),
    (122, 'Osbaldiston, Richard J.'),
    (123, 'Owen, Sarah'),
    (124, 'Pate, George J.'),
    (125, 'Pawelek, Lukasz D.'),
    (126, 'Pedersen, Andrew'),
    (127, 'Peery, Angela'),
    (128, 'Petrucci, Joan M.'),
    (129, 'Pettay, Daniel T.'),
    (130, 'Ponce, Chelsea M.'),
    (131, 'Poore, Daphne M.'),
    (132, 'Powell, Alyssa B.'),
    (133, 'Prestby, Kelly'),
    (134, 'Ptacin, Anna C.'),
    (135, 'Raley, Jessica A.'),
    (136, 'Reibel, Melody D.'),
    (137, 'Ricardo, Elizabeth'),
    (138, 'Ritchie, Kimberly B.'),
    (139, 'Rizzi, Mary C.'),
    (140, 'Roberts, Summer C.'),
    (141, 'Robinson, Dawn M.'),
    (142, 'Runyan, Catherine F.'),
    (143, 'Russell, Nadine'),
    (144, 'Sams, Laurel A.'),
    (145, 'Sanders, Manuel J.'),
    (146, 'Sawyer, Caroline'),
    (147, 'Seabrook, Michelene R.'),
    (148, 'Sevim, Volkan'),
    (149, 'Shinn, James M.'),
    (150, 'Shroyer, Ashley R.'),
    (151, 'Sidletsky, James'),
    (152, 'Simon, Paul G.'),
    (153, 'Skees, Murray W.'),
    (154, 'Smith, Bradley A.'),
    (155, 'Snoddy, Catherine'),
    (156, 'Staton, Joseph L.'),
    (157, 'Stuart, Aurel E.'),
    (158, 'Sturgis, Cynthia L.'),
    (159, 'Swift, Peter E.'),
    (160, 'Swofford, Sarah C.'),
    (161, 'Thomas, Najmah'),
    (162, 'Thornton, Heather L.'),
    (163, 'Thrasher, William J.'),
    (164, 'Tompkins, Renarta H.'),
    (165, 'Vaillancourt, Rose'),
    (166, 'Vaillancourt, Rose'),
    (167, 'Vargo, Lori J.'),
    (168, 'Villena-Alvarez, Juanita I.'),
    (169, 'Violette, Jayne L.'),
    (170, 'Weatherhead, Nora K.'),
    (171, 'Webb, Emily M.'),
    (172, 'Weir, Carol A.'),
    (173, 'Whewell, Aubrey'),
    (174, 'Willard, Jeremy'),
    (175, 'Woods, Gabriel L.'),
    (176, 'Wright, Brandon J.'),
    (177, 'Zhang, Xiaomei'),
    (178, 'Zientek, Patricia'),
    (179, 'Zinn, David F.');

INSERT INTO Subjects (SubjectID, Subject, SubjectDescription) VALUES
    (1, 'ACCT', 'Accounting'),
    (2, 'AFAM', 'African American Studies'),
    (3, 'ANTH', 'Anthropology'),
    (4, 'ARTE', 'Art Education'),
    (5, 'ARTH', 'Art History'),
    (6, 'ARTS', 'Art Studio'),
    (7, 'ASTR', 'Astronomy'),
    (8, 'BADM', 'Business Administration'),
    (9, 'BIOL', 'Biology'),
    (10, 'CHEM', 'Chemistry'),
    (11, 'COMM', 'Communications'),
    (12, 'CPLT', 'Comparative Literature'),
    (13, 'CSCI', 'Computer Science'),
    (14, 'CSXE', 'Computer Science Extension'),
    (15, 'ECON', 'Economics'),
    (16, 'EDCI', 'Education Instruction'),
    (17, 'EDEC', 'Early Childhood Education'),
    (18, 'EDEL', 'Elementary Education'),
    (19, 'EDEX', 'Special Education'),
    (20, 'EDFO', 'Foundations of Education'),
    (21, 'EDME', 'Mathematics Education'),
    (22, 'EDPH', 'Physical Education'),
    (23, 'EDPY', 'Educational Psychology'),
    (24, 'EDRD', 'Reading Education'),
    (25, 'EDRM', 'Educational Research'),
    (26, 'ENGL', 'English'),
    (27, 'ENGR', 'Engineering'),
    (28, 'ENTR', 'Entrepreneurship'),
    (29, 'FREN', 'French'),
    (30, 'GEOG', 'Geography'),
    (31, 'GERM', 'German'),
    (32, 'GLST', 'Global Studies'),
    (33, 'HIST', 'History'),
    (34, 'HMSV', 'Human Services'),
    (35, 'HONS', 'Honors College'),
    (36, 'HPRO', 'Health Promotion'),
    (37, 'HRTM', 'Hospitality and Tourism Management'),
    (38, 'IDST', 'Interdisciplinary Studies'),
    (39, 'INTL', 'International Studies'),
    (40, 'ISAT', 'Information Systems and Technology'),
    (41, 'LANG', 'Languages'),
    (42, 'LBST', 'Liberal Studies'),
    (43, 'LING', 'Linguistics'),
    (44, 'MART', 'Media Arts'),
    (45, 'MATH', 'Mathematics'),
    (46, 'MGMT', 'Management'),
    (47, 'MGSC', 'Management Science'),
    (48, 'MKTG', 'Marketing'),
    (49, 'MSCI', 'Military Science'),
    (50, 'MUSC', 'Music'),
    (51, 'NURS', 'Nursing'),
    (52, 'PEDU', 'Physical Education'),
    (53, 'PHIL', 'Philosophy'),
    (54, 'PHYS', 'Physics'),
    (55, 'POLI', 'Political Science'),
    (56, 'PSYC', 'Psychology'),
    (57, 'PUBH', 'Public Health'),
    (58, 'RELG', 'Religion'),
    (59, 'SOCY', 'Sociology'),
    (60, 'SPAN', 'Spanish'),
    (61, 'SPRT', 'Sports Management'),
    (62, 'STAT', 'Statistics'),
    (63, 'THEA', 'Theatre'),
    (64, 'UNIV', 'University Studies'),
    (65, 'USC', 'University of South Carolina');

INSERT INTO Campuses (CampusID, CampusName, Address) VALUES
    (1, 'Bluffton Campus', '1 University Blvd., Bluffton, SC 29909'),
    (2, 'Beaufort Campus', '801 Carteret Street, Beaufort, SC 29902'),
    (3, 'Hilton Head Island Campus', '1 Sand Shark Drive, Hilton Head Island, SC 29928');

INSERT INTO Buildings (BuildingID, CampusID, BuildingCode, BuildingName) VALUES
    (1, 1, 'CMPCCTR', 'Campus Center'),
    (2, 1, 'HARG', 'Hargray Building'),
    (3, 1, 'LIBR2', 'Library Building'),
    (4, 1, 'RECCTR', 'Recreation Center'),
    (5, 1, 'SCITEC', 'Science & Technology Building'),
    (6, 2, 'ARTS', 'Art Studio'),
    (7, 2, 'CFA', 'Center for the Arts'),
    (8, 2, 'MSCI', 'Marine Science Building'),
    (9, 2, 'NWCSTL', 'New Castle Building'),
    (10, 2, 'VAD', 'Visual Arts & Design Building'),
    (11, 2, '1100BO', '1100 Boundary Street'),
    (12, 3, 'HHHC', 'Hilton Head Hospitality Center');

INSERT INTO Courses (CourseID, SubjectID, CourseName, CourseNumber) VALUES
    /* GEN EDS */
    (1, 3, 'Understanding Other Cultures', 'B102'),
    (2, 9, 'Microbiology', 'B230'),
    (3, 11, 'Interpersonal Communication', 'B201'),
    (4, 26, 'Composition & Rhetoric', 'B101'), 
    (5, 26, 'Composition & Literature', 'B102'),
    (6, 30, 'World Regional Geography', 'B121'), 
    (7, 31, 'Beginning German I', 'B101'), 
    (8, 31, 'Beginning German II', 'B102'), 
    (9, 33, 'European Civilization from Ancient Times to the Mid-17th Century', 'B101'), 
    (10, 33, 'History of American from Discovery to 1865', 'B111'), 
    (11, 45, 'College Algebra', 'B111'), 
    (12, 45, 'Precalculus Mathematics', 'B115'), 
    (13, 45, 'Calculus I', 'B141'), 
    (14, 45, 'Calculus II', 'B142'), 
    (15, 45, 'Calculus III', 'B240'), 
    (16, 53, 'Introduction to Philosophy', 'B102'),
    (17, 54, 'The Physics of How Things Work I', 'B101'),
    (18, 54, 'The Physics of How Things Work I Laboratory', 'B101L'),
    (19, 62, 'Fundamentals of Probability & Statistics', 'B240'), 
    (20, 63, 'Fundamentals of Acting', 'B170'), 
    (21, 63, 'Understanding and Appreciation of Theatre', 'B200');

	    /* COMPUTER SCIENCE */
    (22, 13, 'Introduction to Computer Concepts', 'B101'), 
    (23, 13, 'Introduction to HTML and CSS', 'B102'),  
    (24, 13, 'Computer Programming Techniques, Practices, and Tools', 'B104'),  
    (25, 13, 'Object-Oriented Programming I', 'B145'), 
    (26, 13, 'Object-Oriented Programming II', 'B146'),  
    (27, 13, 'Introduction to Computational Science', 'B150'),  
    (28, 13, 'Introduction to Computer Security', 'B201'),  
    (29, 13, 'Introduction to Front-End Web Development', 'B202'), 
    (30, 13, 'Computer System Administration', 'B207'),  
    (31, 13, 'Special Topics in Computer Programming', 'B209'),  
    (32, 13, 'Digital Logic Design', 'B211'),  
    (33, 13, 'Introduction to Computer Architecture', 'B212'), 
    (34, 13, 'Introduction to Software Engineering', 'B240'),  
    (35, 13, 'Mobile Application Development', 'B250'),  
    (36, 13, 'Introduction to Computational Biology', 'B255'),  
    (37, 13, 'Graphics, Multimedia and User-Interface Design', 'B265'), 
    (38, 13, 'Computational Mathematics', 'B280'),  
    (39, 13, 'Introduction to Digital Forensics', 'B317'),  
    (40, 13, 'Database Systems Management', 'B320'),  
    (41, 13, 'Database-Driven Applications Development', 'B321'), 
    (42, 13, 'Introduction to Data Structures and Algorithms', 'B350'),  
    (43, 13, 'Operating Systems', 'B360'),  
    (44, 13, 'Computer Graphics', 'B365'),  
    (45, 13, 'Independent Study', 'B399'),  
    (46, 13, 'Information Security Principles', 'B401'),  
    (47, 13, 'Selected Topics in Computing', 'B409'),  
    (48, 13, 'Introduction to Computer Networks', 'B416'), 
    (49, 13, 'Mathematical Modeling', 'B419'),  
    (50, 13, 'Database Management Systems II', 'B420'),  
    (51, 13, 'Introduction to Data Mining', 'B422'),  
    (52, 13, 'Special Topics in Computer Networks and Distributed Computing', 'B426'),  
    (53, 13, 'Information Technology Project Management', 'B437'),  
    (54, 13, 'Modeling and Simulation', 'B450'),  
    (55, 13, 'Computer Game Development', 'B452'), 
    (56, 13, 'Introduction to Digital Image Processing', 'B463'),  
    (57, 13, 'Data Visualization', 'B466'),  
    (58, 13, 'High Performance Computing', 'B469'),  
    (59, 13, 'Software Testing and Verification', 'B470'),  
    (60, 13, 'Computational Science Co-op/Internship', 'B499'),  
    (61, 13, 'Practical Computing for Computational Scientists', 'B500'),  
    (62, 13, 'Advanced Statistical Methods', 'B501'), 
    (63, 13, 'Numerical Analysis and Computing', 'B502'),  
    (64, 13, 'Topics in Computational Science', 'B515'),  
    (65, 13, 'Data Communications and Networks', 'B516'), 
    (66, 13, 'Advanced Topics in Database Systems', 'B520'),  
    (67, 13, 'Data Mining', 'B522'),  
    (68, 13, 'Systems Modeling and Simulation', 'B550'),  
    (69, 13, 'Digital Image Processing', 'B563'), 
    (70, 13, 'Data Visualization', 'B566'),  
    (71, 13, 'High Performance Computing', 'B569'),  
    (72, 13, 'Software System Design and Implementation', 'B570'),  
    (73, 13, 'Independent Study', 'B599'),  
    (74, 13, 'Principles of Computer Security', 'B601'),  
    (75, 13, 'Data Management and Analytics', 'B622'),  
    (76, 13, 'Industrial or Research Internship', 'B699'), 
    (77, 13, 'Research Project', 'B797'),  
    (78, 13, 'Master''s Thesis', 'B799'),

	/* INFORMATION SYSTEMS AND TECHNOLOGY */
    (79, 40, 'Introduction to HTML and CSS', 'B102'),  
    (80, 40, 'Computer Programming Techniques, Practices, and Tools', 'B104'),  
    (81, 40, 'Object-Oriented Programming I', 'B145'), 
    (82, 40, 'Object-Oriented Programming II', 'B146'),  
    (83, 40, 'Introduction to Computational Science', 'B150'),  
    (84, 40, 'Introduction to Computer Security', 'B201'),  
    (85, 40, 'Introduction to Front-End Web Development', 'B202'), 
    (86, 40, 'Computer System Administration', 'B207'),  
    (87, 40, 'Digital Logic Design', 'B211'),  
    (88, 40, 'Introduction to Computer Architecture', 'B212'), 
    (89, 40, 'Introduction to Software Engineering', 'B240'),  
    (90, 40, 'Mobile Application Development', 'B250'),  
    (91, 40, 'Introduction to Computational Biology', 'B255'),  
    (92, 40, 'Graphics, Multimedia and User-Interface Design', 'B265'), 
    (93, 40, 'Computational Mathematics', 'B280'),  
    (94, 40, 'Introduction to Digital Forensics', 'B317'),  
    (95, 40, 'Ethical Hacking', 'B318'), 
    (96, 40, 'Database Systems Management', 'B320'),  
    (97, 40, 'Database-Driven Applications Development', 'B321'), 
    (98, 40, 'Introduction to Data Structures and Algorithms', 'B350'),  
    (99, 40, 'Computer Graphics', 'B365'),  
    (100, 40, 'Independent Study', 'B399'),  
    (101, 40, 'Information Security Principles', 'B401'),  
    (102, 40, 'Special Topics in Security', 'B409'),  
    (103, 40, 'Introduction to Computer Networks', 'B416'), 
    (104, 40, 'Database Management Systems II', 'B420'),  
    (105, 40, 'Introduction to Data Mining', 'B422'),  
    (106, 40, 'Special Topics in Computer Networks and Distributed Computing', 'B426'),  
    (107, 40, 'Information Technology Project Management', 'B437'),  
    (108, 40, 'Modeling and Simulation', 'B450'), 
    (109, 40, 'Cryptography', 'B455'), 
    (110, 40, 'High Performance Computing', 'B469'),  
    (111, 40, 'Software System Process & Management', 'B470'),  
    (112, 40, 'Computer Science Co-op/Internship', 'B499'),

    /* PSYCHOLOGY */
    (113, 56, 'Introduction to Psychology', 'B101'),
    (114, 56, 'Research Methods in Psychology', 'B200'),
    (115, 56, 'Statistics Lab in Psychology', 'B201'),
    (116, 56, 'Psychological Statistics', 'B202'),
    (117, 56, 'Laboratory in Psychology', 'B203'),
    (118, 56, 'Human Growth and Development', 'B209'),
    (119, 56, 'Psychology of Adjustment', 'B210'),
    (120, 56, 'Applied Psychology', 'B212'),
    (121, 56, 'Human Sexual Behavior', 'B214'),
    (122, 56, 'Psychology of Marriage', 'B216'),
    (123, 56, 'Psychology of Women', 'B218'),
    (124, 56, 'Psychology of Religion', 'B220'),
    (125, 56, 'Industrial/Organizational Psychology', 'B224'),
    (126, 56, 'Sport Psychology', 'B229'),
    (127, 56, 'Learning and Memory', 'B302'),
    (128, 56, 'Principles of Gerontology', 'B303'),
    (129, 56, 'Abnormal Psychology', 'B311'),
    (130, 56, 'Abnormal Behavior in Children', 'B312'),
    (131, 56, 'Life Span Developmental Psychology', 'B321'),
    (132, 56, 'Psychology of Child Development', 'B322'),
    (133, 56, 'Psychology of Adolescence', 'B324'),
    (134, 56, 'Psychology of Early and Middle Adulthood', 'B326'),
    (135, 56, 'Psychology of Aging', 'B328'),
    (136, 56, 'Social Psychology', 'B331'),
    (137, 56, 'Personality Theory', 'B341'),
    (138, 56, 'Biological Psychology', 'B361'),
    (139, 56, 'Cultural Psychology', 'B380'),
    (140, 56, 'Independent Study', 'B399'),
    (141, 56, 'Cognitive Psychology', 'B401'),
    (142, 56, 'Working with Older Adults', 'B403'),
    (143, 56, 'Psychology Consumer Behavior', 'B404'),
    (144, 56, 'History and Systems of Psychology', 'B406'),
    (145, 56, 'Positive Psychology', 'B409'),
    (146, 56, 'Introduction to Clinical Psychology', 'B411'),
    (147, 56, 'Trauma & Recovery', 'B413'),
    (148, 56, 'Community Psychology', 'B415'),
    (149, 56, 'Psychology of Drug Use and Effects', 'B418'),
    (150, 56, 'Psychology and the Legal System', 'B425'),
    (151, 56, 'Psychological Tests and Measurement', 'B441'),
    (152, 56, 'Sensation and Perception', 'B451'),
    (153, 56, 'Psychology in Film', 'B462'),
    (154, 56, 'Health Psychology', 'B465'),
    (155, 56, 'Selected Topics in Psychology', 'B490'),
    (156, 56, 'Advanced Research Methods in Psychology', 'B494'),
    (157, 56, 'Internship in Psychology I', 'B495'),
    (158, 56, 'Internship in Psychology II', 'B496'),
    (159, 56, 'Advanced Independent Study', 'B498'),
    (160, 56, 'Individual Research', 'B499');

INSERT INTO Rooms (RoomID, CampusID, Building, Room) VALUES
    -- Bluffton Campus (CampusID = 1)
    (1, 1, 'CMPCCTR', '105'),
    (2, 1, 'CMPCCTR', '106A'),
    (3, 1, 'CMPCCTR', '106C'),
    (4, 1, 'CMPCCTR', '113'),
    (5, 1, 'CMPCCTR', '148'),

    (6, 1, 'HARG', '156'),
    (7, 1, 'HARG', '158'),
    (8, 1, 'HARG', '159'),
    (9, 1, 'HARG', '160'),
    (10, 1, 'HARG', '160B'),
    (11, 1, 'HARG', '162'),
    (12, 1, 'HARG', '204'),
    (13, 1, 'HARG', '260'),
    (14, 1, 'HARG', '270'),
    (15, 1, 'HARG', '271'),
    (16, 1, 'HARG', '274'),
    (17, 1, 'HARG', '275'),
    (18, 1, 'HARG', '276'),
    (19, 1, 'HARG', '277'),
    (20, 1, 'HARG', '278'),

    (21, 1, 'LIBR2', '144'),
    (22, 1, 'LIBR2', '147'),
    (23, 1, 'LIBR2', '207'),
    (24, 1, 'LIBR2', '213'),
    (25, 1, 'LIBR2', '219'),
    (26, 1, 'LIBR2', '237'),
    (27, 1, 'LIBR2', '238'),
    (28, 1, 'LIBR2', '241'),
    (29, 1, 'LIBR2', '243'),
    (30, 1, 'LIBR2', '267'),

    (31, 1, 'RECCTR', '1'),

    (32, 1, 'SCITEC', '102'),
    (33, 1, 'SCITEC', '114'),
    (34, 1, 'SCITEC', '118'),
    (35, 1, 'SCITEC', '122'),
    (36, 1, 'SCITEC', '123'),
    (37, 1, 'SCITEC', '132'),
    (38, 1, 'SCITEC', '136'),
    (39, 1, 'SCITEC', '205'),
    (40, 1, 'SCITEC', '222'),
    (41, 1, 'SCITEC', '223'),
    (42, 1, 'SCITEC', '231'),
    (43, 1, 'SCITEC', '260'),
    (44, 1, 'SCITEC', '261'),
    (45, 1, 'SCITEC', '263'),
    (46, 1, 'SCITEC', '277'),
    
    -- Beaufort Campus (CampusID = 2)
    (47, 2, 'ARTS', '101'),

    (48, 2, 'CFA', '102'),
    (49, 2, 'CFA', '116'),

    (50, 2, 'MSCI', '104'),

    (51, 2, 'NWCSTL', '200'),

    (52, 2, 'VAD', '112'),

    (53, 2, '1100BO', '1'),
    (54, 2, '1100BO', '111'),

    (55, 2, 'NWCSTL', '205'),
    
    -- Hilton Head Island Campus (CampusID = 3)
    (56, 3, 'HHHC', '103'),
    (57, 3, 'HHHC', '104'),
    (58, 3, 'HHHC', '114'),
    (59, 3, 'HHHC', '115'),
    (60, 3, 'HHHC', '202'),
    (61, 3, 'HHHC', '204'),
    (62, 3, 'HHHC', '205'),
    (63, 3, 'HHHC', '207'),
    (64, 3, 'HHHC', '213'),
    (65, 3, 'HHHC', '214');

INSERT INTO CourseSchedule (ScheduleID, ProfessorID, CourseID, RoomID, CRN, AcademicPeriodDesc, Days, Time, MaxEnrollment, ActualEnrolled, MeetingTypeDesc) VALUES 
    /* GEN EDS */
    (1, 142, 3, 6, '28258', '202408', 'M W F', '6:30 PM - 9:30 PM', 30, 30, 'Class'),
    (2, 142, 3, 6, '28258', '202408', 'M W F', '7:00 PM - 9:30 PM', 30, 30, 'Exam'),
    (3, 3, 9, 2, '27330', '202408', 'T Th', '11:15 AM - 12:30 PM', 30, 30, 'Class'),
    (4, 3, 9, 2, '27330', '202408', 'Th', '12:40 PM - 2:30 PM', 30, 30, 'Lab'),
    (5, 3, 9, 2, '27330', '202408', 'T', '10:45 AM - 1:15 PM', 30, 30, 'Exam'),
    (6, 3, 11, 3, '10103', '202408', 'M W F', '12:00 PM - 12:50 PM', 30, 30, 'Class'),
    (7, 4, 26, 4, '10104', '202408', 'M W F', '1:00 PM - 1:50 PM', 30, 30, 'Class'),
    (8, 5, 26, 5, '10105', '202408', 'M W F', '2:00 PM - 2:50 PM', 30, 30, 'Class'),
    (9, 6, 30, 6, '10106', '202408', 'M W F', '3:00 PM - 3:50 PM', 30, 30, 'Class'),
    (10, 7, 31, 7, '10107', '202408', 'M W F', '4:00 PM - 4:50 PM', 30, 30, 'Class'),
    (11, 8, 31, 8, '10108', '202408', 'M W F', '5:00 PM - 5:50 PM', 30, 30, 'Class'),
    (12, 9, 33, 9, '10109', '202408', 'M W F', '6:00 PM - 6:50 PM', 30, 30, 'Class'),
    (13, 10, 33, 10, '10110', '202408', 'M W F', '7:00 PM - 7:50 PM', 30, 30, 'Class'),
    (14, 10, 45, 10, '10110', '202408', 'M W F', '7:00 PM - 7:50 PM', 30, 30, 'Class'),
    (15, 10, 45, 10, '10110', '202408', 'M W F', '7:00 PM - 7:50 PM', 30, 30, 'Class'),
    (16, 10, 45, 10, '10110', '202408', 'M W F', '7:00 PM - 7:50 PM', 30, 30, 'Class'),
    (17, 10, 45, 10, '10110', '202408', 'M W F', '7:00 PM - 7:50 PM', 30, 30, 'Class'),
    (18, 10, 45, 10, '10110', '202408', 'M W F', '7:00 PM - 7:50 PM', 30, 30, 'Class'),

    /* COMPUTER SCIENCE */
    (19, 1, 1, 1, '10101', '202408', 'M W F', '10:00 AM - 10:50 AM', 30, 30, 'Class'),
    (20, 2, 2, 2, '10102', '202408', 'M W F', '11:00 AM - 11:50 AM', 30, 30, 'Class'),
    (21, 3, 3, 3, '10103', '202408', 'M W F', '12:00 PM - 12:50 PM', 30, 30, 'Class'),
    (22, 4, 4, 4, '10104', '202408', 'M W F', '1:00 PM - 1:50 PM', 30, 30, 'Class'),
    (23, 5, 5, 5, '10105', '202408', 'M W F', '2:00 PM - 2:50 PM', 30, 30, 'Class'),
    (24, 6, 6, 6, '10106', '202408', 'M W F', '3:00 PM - 3:50 PM', 30, 30, 'Class'),
    (25, 7, 7, 7, '10107', '202408', 'M W F', '4:00 PM - 4:50 PM', 30, 30, 'Class'),
    (26, 8, 8, 8, '10108', '202408', 'M W F', '5:00 PM - 5:50 PM', 30, 30, 'Class'),
    (27, 9, 9, 9, '10109', '202408', 'M W F', '6:00 PM - 6:50 PM', 30, 30, 'Class'),
    (28, 10, 10, 10, '10110', '202408', 'M W F', '7:00 PM - 7:50 PM', 30, 30, 'Class'),

    /* INFORMATION SYSTEMS AND TECHNOLOGY */
    (29, 1, 1, 1, '10101', '202408', 'M W F', '10:00 AM - 10:50 AM', 30, 30, 'Class'),
    (30, 2, 2, 2, '10102', '202408', 'M W F', '11:00 AM - 11:50 AM', 30, 30, 'Class'),
    (31, 3, 3, 3, '10103', '202408', 'M W F', '12:00 PM - 12:50 PM', 30, 30, 'Class'),
    (32, 4, 4, 4, '10104', '202408', 'M W F', '1:00 PM - 1:50 PM', 30, 30, 'Class'),
    (33, 5, 5, 5, '10105', '202408', 'M W F', '2:00 PM - 2:50 PM', 30, 30, 'Class'),
    (34, 6, 6, 6, '10106', '202408', 'M W F', '3:00 PM - 3:50 PM', 30, 30, 'Class'),
    (35, 7, 7, 7, '10107', '202408', 'M W F', '4:00 PM - 4:50 PM', 30, 30, 'Class'),
    (36, 8, 8, 8, '10108', '202408', 'M W F', '5:00 PM - 5:50 PM', 30, 30, 'Class'),
    (37, 9, 9, 9, '10109', '202408', 'M W F', '6:00 PM - 6:50 PM', 30, 30, 'Class'),
    (38, 10, 10, 10, '10110', '202408', 'M W F', '7:00 PM - 7:50 PM', 30, 30, 'Class'),
     /* PSYCHOLOGY */
    (39, 1, 1, 1, '10101', '202408', 'M W F', '10:00 AM - 10:50 AM', 30, 30, 'Class'),
    (40, 2, 2, 2, '10102', '202408', 'M W F', '11:00 AM - 11:50 AM', 30, 30, 'Class'),
    (41, 3, 3, 3, '10103', '202408', 'M W F', '12:00 PM - 12:50 PM', 30, 30, 'Class'),
    (42, 4, 4, 4, '10104', '202408', 'M W F', '1:00 PM - 1:50 PM', 30, 30, 'Class'),
    (43, 5, 5, 5, '10105', '202408', 'M W F', '2:00 PM - 2:50 PM', 30, 30, 'Class'),
    (44, 6, 6, 6, '10106', '202408', 'M W F', '3:00 PM - 3:50 PM', 30, 30, 'Class'),
    (45, 7, 7, 7, '10107', '202408', 'M W F', '4:00 PM - 4:50 PM', 30, 30, 'Class'),
    (46, 8, 8, 8, '10108', '202408', 'M W F', '5:00 PM - 5:50 PM', 30, 30, 'Class'),
    (47, 9, 9, 9, '10109', '202408', 'M W F', '6:00 PM - 6:50 PM', 30, 30, 'Class'),
    (48, 10, 10, 10, '10110', '202408', 'M W F', '7:00 PM - 7:50 PM', 30, 30, 'Class');


INSERT INTO Students (StudentID, FirstName, LastName, Email, Major, EnrollmentYear, StatusID) VALUES
    /* INCOMING */
    -- CSCI
    (1, 'Aiden', 'Morgan','amorgan@email.uscb.edu','CSCI',2025,1),
    (2, 'Emma', 'Young','eyoung@email.uscb.edu','CSCI',2025,1),
    (3, 'Jacob', 'Holland','jholland@email.uscb.edu','CSCI',2025,1),
    (4, 'Olivia', 'Blake','oblake@email.uscb.edu','CSCI',2025,1),
    (5, 'Ethan', 'Brooks','ebrooks@email.uscb.edu','CSCI',2025,1),
    (6, 'Sophia', 'Tran','stran@email.uscb.edu','CSCI',2025,1),
    (7, 'William', 'Liu','wliu@email.uscb.edu','CSCI',2025,1),
    (8, 'Isabella', 'Shah','ishah@email.uscb.edu','CSCI',2025,1),
    (9, 'Lucas', 'Yoon','lyoon@email.uscb.edu','CSCI',2025,1),
    (10, 'Ava', 'Chen','achen@email.uscb.edu','CSCI',2025,1),
    -- ISAT
    (11, 'Liam', 'Carter','lcarter@email.uscb.edu','ISAT',2025,1),
    (12, 'Mia', 'Baker','mbaker@email.uscb.edu','ISAT',2025,1),
    (13, 'Noah', 'King','nking@email.uscb.edu','ISAT',2025,1),
    (14, 'Isabella', 'Choi','ichoi@email.uscb.edu','ISAT',2025,1),
    (15, 'Daniel', 'Singh','dsingh@email.uscb.edu','ISAT',2025,1),
    (16, 'Emma', 'Kumar','ekumar@email.uscb.edu','ISAT',2025,1),
    (17, 'Sebastian', 'Ortiz','sortiz@email.uscb.edu','ISAT',2025,1),
    (18, 'Olivia', 'Navarro','onavarro@email.uscb.edu','ISAT',2025,1),
    (19, 'Mateo', 'Pham','mpham@email.uscb.edu','ISAT',2025,1),
    (20, 'Ava', 'Ali','aali@email.uscb.edu','ISAT',2025,1),
    -- PSYC
    (21, 'Michael', 'Kim','mkim@email.uscb.edu','PSYC',2025,1),
    (22, 'Emily', 'Peters','epeters@email.uscb.edu','PSYC',2025,1),
    (23, 'Alexander', 'Lopez','alopez@email.uscb.edu','PSYC',2025,1),
    (24, 'Isabella', 'Rao','irao@email.uscb.edu','PSYC',2025,1),
    (25, 'Joshua', 'Park','jpark@email.uscb.edu','PSYC',2025,1),

    /* FRESHMEN */
    -- CSCI
    (26, 'David', 'Nguyen','dnguyen@email.uscb.edu','CSCI',2024,2),
    (27, 'Avery', 'Patel','apatel@email.uscb.edu','CSCI',2024,2),
    (28, 'Owen', 'Sullivan','osullivan@email.uscb.edu','CSCI',2024,2),
    (29, 'Aubrey', 'Greene','agreene@email.uscb.edu','CSCI',2024,2),
    (30, 'Ethan', 'Foster','efoster@email.uscb.edu','CSCI',2024,2),
    (31, 'Liam', 'Dixon','ldixon@email.uscb.edu','CSCI',2024,2),
    (32, 'Ava', 'Vargas','avargas@email.uscb.edu','CSCI',2024,2),
    (33, 'Noah', 'Larsen','nlarsen@email.uscb.edu','CSCI',2024,2),
    (34, 'Isabella', 'Chavez','ichavez@email.uscb.edu','CSCI',2024,2),
    (35, 'Ethan', 'Hoffman','ehoffman@email.uscb.edu','CSCI',2024,2),
    -- ISAT
    (36, 'Sophia', 'Moreno','smoreno@email.uscb.edu','ISAT',2024,2),
    (37, 'Logan', 'Silva','lsilva@email.uscb.edu','ISAT',2024,2),
    (38, 'Isabella', 'Rivera','irivera@email.uscb.edu','ISAT',2024,2),
    (39, 'Mason', 'Cruz','mcruz@email.uscb.edu','ISAT',2024,2),
    (40, 'Abigail', 'Flores','aflores@email.uscb.edu','ISAT',2024,2),
    (41, 'Olivia', 'Torres','otorres@email.uscb.edu','ISAT',2024,2),
    (42, 'Alexander', 'Gomez','agomez@email.uscb.edu','ISAT',2024,2),
    (43, 'Mia', 'Ruiz','mruiz@email.uscb.edu','ISAT',2024,2),
    (44, 'Michael', 'Delgado','mdelgado@email.uscb.edu','ISAT',2024,2),
    (45, 'Emily', 'Sanders','esanders@email.uscb.edu','ISAT',2024,2),
    -- PSYC
    (46, 'Jacob', 'Webb','jwebb@email.uscb.edu','PSYC',2024,2),
    (47, 'Emma', 'Garcia','egarcia@email.uscb.edu','PSYC',2024,2),
    (48, 'William', 'Beck','wbeck@email.uscb.edu','PSYC',2024,2),
    (49, 'Mia', 'Turner','mturner@email.uscb.edu','PSYC',2024,2),
    (50, 'Lucas', 'Graham','lgraham@email.uscb.edu','PSYC',2024,2),

    /* SOPHOMORES */
    -- CSCI
    (51, 'Daniel', 'Kim','dkim@email.uscb.edu','CSCI',2023,3),
    (52, 'Sophia', 'Stone','sstone@email.uscb.edu','CSCI',2023,3),
    (53, 'Sebastian', 'Cross','scross@email.uscb.edu','CSCI',2023,3),
    (54, 'Abigail', 'Hayes','ahayes@email.uscb.edu','CSCI',2023,3),
    (55, 'Logan', 'Reed','lreed@email.uscb.edu','CSCI',2023,3),
    (56, 'Emily', 'Castro','ecastro@email.uscb.edu','CSCI',2023,3),
    (57, 'James', 'Daniels','jdaniels@email.uscb.edu','CSCI',2023,3),
    (58, 'Avery', 'Fisher','afisher@email.uscb.edu','CSCI',2023,3),
    (59, 'Grace', 'Simmons','gsimmons@email.uscb.edu','CSCI',2023,3),
    (60, 'Henry', 'Patterson','hpatterson@email.uscb.edu','CSCI',2023,3),
    -- ISAT
    (61, 'Sophia', 'Morales','smorales@email.uscb.edu','ISAT',2023,3),
    (62, 'Benjamin', 'Harper','bharper@email.uscb.edu','ISAT',2023,3),
    (63, 'Mason', 'Reyes','mreyes@email.uscb.edu','ISAT',2023,3),
    (64, 'Ella', 'Armstrong','earmstrong@email.uscb.edu','ISAT',2023,3),
    (65, 'Oliver', 'Gutierrez','ogutierrez@email.uscb.edu','ISAT',2023,3),
    (66, 'Ethan', 'Caldwell','ecaldwell@email.uscb.edu','ISAT',2023,3),
    (67, 'Amelia', 'Ramirez','aramirez@email.uscb.edu','ISAT',2023,3),
    (68, 'Logan', 'Bowman','lbowman@email.uscb.edu','ISAT',2023,3),
    (69, 'Aria', 'Kennedy','akennedy@email.uscb.edu','ISAT',2023,3),
    (70, 'Evan', 'Bates','ebates@email.uscb.edu','ISAT',2023,3),
    -- PSYC
    (71, 'Emma', 'Moss','emoss@email.uscb.edu','PSYC',2023,3),
    (72, 'Joshua', 'Cook','jcook@email.uscb.edu','PSYC',2023,3),
    (73, 'Avery', 'Adams','aadams@email.uscb.edu','PSYC',2023,3),
    (74, 'Owen', 'Russell','orussell@email.uscb.edu','PSYC',2023,3),
    (75, 'Aubrey', 'Bryant','abryant@email.uscb.edu','PSYC',2023,3),

    /* JUNIORS */
    -- CSCI
    (76, 'Olivia', 'Stevens','ostevens@email.uscb.edu','CSCI',2022,4),
    (77, 'Alexander', 'Evans','aevans@email.uscb.edu','CSCI',2022,4),
    (78, 'Mia', 'Carter','mcarter@email.uscb.edu','CSCI',2022,4),
    (79, 'Michael', 'Peterson','mpeterson@email.uscb.edu','CSCI',2022,4),
    (80, 'Emily', 'Long','elong@email.uscb.edu','CSCI',2022,4),
    (81, 'David', 'Phillips','dphillips@email.uscb.edu','CSCI',2022,4),
    (82, 'Sofia', 'Ross','sross@email.uscb.edu','CSCI',2022,4),
    (83, 'Lucas', 'Harrison','lharrison@email.uscb.edu','CSCI',2022,4),
    (84, 'Lily', 'Bryant','lbryant@email.uscb.edu','CSCI',2022,4),
    (85, 'Ryan', 'Ford','rford@email.uscb.edu','CSCI',2022,4),
    -- ISAT
    (86, 'Mason', 'Ward','mward@email.uscb.edu','ISAT',2022,4),
    (87, 'Lily', 'Griffith','lgriffith@email.uscb.edu','ISAT',2022,4),
    (88, 'Jacob', 'Ellis','jellis@email.uscb.edu','ISAT',2022,4),
    (89, 'Emma', 'Ferguson','eferguson@email.uscb.edu','ISAT',2022,4),
    (90, 'Logan', 'Garrett','lgarrett@email.uscb.edu','ISAT',2022,4),
    (91, 'Isabella', 'Price','iprice@email.uscb.edu','ISAT',2022,4),
    (92, 'Ethan', 'Jacobs','ejacobs@email.uscb.edu','ISAT',2022,4),
    (93, 'Benjamin', 'Barnes','bbarnes@email.uscb.edu','ISAT',2022,4),
    (94, 'Alexander', 'Schmidt','aschmidt@email.uscb.edu','ISAT',2022,4),
    (95, 'Sophia', 'Richards','srichards@email.uscb.edu','ISAT',2022,4),
    -- PSYC
    (96, 'Jacob', 'Sanchez','jsanchez@email.uscb.edu','PSYC',2022,4),
    (97, 'Abigail', 'Torres','atorres@email.uscb.edu','PSYC',2022,4),
    (98, 'Lucas', 'Scott','lscott@email.uscb.edu','PSYC',2022,4),
    (99, 'Sophia', 'Howard','showard@email.uscb.edu','PSYC',2022,4),
    (100, 'Mia', 'Coleman','mcoleman@email.uscb.edu','PSYC',2022,4),

    /* SENIORS */
    -- CSCI
    (101, 'Nathan', 'Morgan','nmorgan@email.uscb.edu','CSCI',2021,5),
    (102, 'Amelia', 'Butler','abutler@email.uscb.edu','CSCI',2021,5),
    (103, 'Isaac', 'Cox','icox@email.uscb.edu','CSCI',2021,5),
    (104, 'Charlotte', 'Diaz','cdiaz@email.uscb.edu','CSCI',2021,5),
    (105, 'Grace', 'Rogers','grogers@email.uscb.edu','CSCI',2021,5),
    (106, 'Gabriel', 'Jordan','gjordan@email.uscb.edu','CSCI',2021,5),
    (107, 'Ella', 'Perry','eperry@email.uscb.edu','CSCI',2021,5),
    (108, 'Henry', 'Jenkins','hjenkins@email.uscb.edu','CSCI',2021,5),
    (109, 'Sebastian', 'Fleming','sfleming@email.uscb.edu','CSCI',2021,5),
    (110, 'Scarlett', 'Dean','sdean@email.uscb.edu','CSCI',2021,5),
    -- ISAT
    (111, 'Mila', 'Henderson','mhenderson@email.uscb.edu','ISAT',2021,5),
    (112, 'Zoe', 'Nash','znash@email.uscb.edu','ISAT',2021,5),
    (113, 'Julian', 'Reid','jreid@email.uscb.edu','ISAT',2021,5),
    (114, 'Ellie', 'Owens','eowens@email.uscb.edu','ISAT',2021,5),
    (115, 'Levi', 'Mendoza','lmendoza@email.uscb.edu','ISAT',2021,5),
    (116, 'Violet', 'Fox','vfox@email.uscb.edu','ISAT',2021,5),
    (117, 'Jack', 'Gray','jgray@email.uscb.edu','ISAT',2021,5),
    (118, 'Maya', 'Hughes','mhughes@email.uscb.edu','ISAT',2021,5),
    (119, 'Liam', 'Watson','lwatson@email.uscb.edu','ISAT',2021,5),
    (120, 'Lily', 'Bishop','lbishop@email.uscb.edu','ISAT',2021,5),
    -- PSYC
    (121, 'Aubrey', 'Sutton','asutton@email.uscb.edu','PSYC',2021,5),
    (122, 'Daniel', 'Wade','dwade@email.uscb.edu','PSYC',2021,5),
    (123, 'Evelyn', 'Shaw','eshaw@email.uscb.edu','PSYC',2021,5),
    (124, 'Isaiah', 'Rich','irich@email.uscb.edu','PSYC',2021,5),
    (125, 'Sophia', 'Fowler','sfowler@email.uscb.edu','PSYC',2021,5),

    /* ALUMNI */
    -- CSCI
    (126, 'Benjamin', 'Walker','bwalker@email.uscb.edu','CSCI',2020,6),
    (127, 'Ava', 'Rogers','arogers@email.uscb.edu','CSCI',2020,6),
    (128, 'Henry', 'Long','hlong@email.uscb.edu','CSCI',2019,6),
    (129, 'Olivia', 'Mitchell','omitchell@email.uscb.edu','CSCI',2019,6),
    (130, 'Liam', 'Brooks','lbrooks@email.uscb.edu','CSCI',2018,6),
    (131, 'Emily', 'Howard','ehoward@email.uscb.edu','CSCI',2018,6),
    (132, 'Noah', 'Foster','nfoster@email.uscb.edu','CSCI',2017,6),
    (133, 'Sophia', 'Reed','sreed@email.uscb.edu','CSCI',2017,6),
    (134, 'James', 'Clark','jclark@email.uscb.edu','CSCI',2016,6),
    (135, 'Mia', 'Ramos','mramos@email.uscb.edu','CSCI',2016,6),
    -- ISAT
    (136, 'Ethan', 'Murphy','emurphy@email.uscb.edu','ISAT',2020,6),
    (137, 'Lily', 'Price','lprice@email.uscb.edu','ISAT',2020,6),
    (138, 'Alexander', 'Jenkins','ajenkins@email.uscb.edu','ISAT',2019,6),
    (139, 'Ella', 'Barnes','ebarnes@email.uscb.edu','ISAT',2019,6),
    (140, 'Jackson', 'Sanders','jsanders@email.uscb.edu','ISAT',2018,6),
    (141, 'Avery', 'Wright','awright@email.uscb.edu','ISAT',2018,6),
    (142, 'Grace', 'Cook','gcook@email.uscb.edu','ISAT',2017,6),
    (143, 'Mason', 'Bell','mbell@email.uscb.edu','ISAT',2017,6),
    (144, 'Emily', 'Gray','egray@email.uscb.edu','ISAT',2016,6),
    (145, 'Lucas', 'Hayes','lhayes@email.uscb.edu','ISAT',2016,6),
    -- PSYC
    (146, 'Sofia', 'Henderson','shenderson@email.uscb.edu','PSYC',2020,6),
    (147, 'Ryan', 'Bennett','rbennett@email.uscb.edu','PSYC',2019,6),
    (148, 'Zoe', 'Simpson','zsimpson@email.uscb.edu','PSYC',2018,6),
    (149, 'Joe', 'Harkman','jharkman@email.uscb.edu','PSYC',2017,6),
    (150, 'Aiden', 'Rivera','arivera@email.uscb.edu','PSYC',2016,6);

INSERT INTO GradePoints (LetterGrade, GradePoint) VALUES
    ('A', 4.00),
    ('A-', 3.70),
    ('B+', 3.30),
    ('B', 3.00),
    ('B-', 2.70),
    ('C+', 2.30),
    ('C', 2.00),
    ('C-', 1.70),
    ('D+', 1.30),
    ('D', 1.00),
    ('D-', 0.70),
    ('F', 0.00);
